Filename,Touches
gpslogger/build.gradle,212
build.gradle,78
gpslogger/src/main/AndroidManifest.xml,59
gpslogger/src/main/java/com/mendhak/gpslogger/GeneralLocationListener.java,33
gpslogger/src/main/java/com/mendhak/gpslogger/GeneralNMEAListener.java,3
gpslogger/src/main/java/com/mendhak/gpslogger/GpsLoggingService.java,200
gpslogger/src/main/java/com/mendhak/gpslogger/common/Systems.java,17
gpslogger/src/main/res/values-it/strings.xml,46
gpslogger/src/main/res/values-uk/strings.xml,42
gpslogger/src/main/res/values-az/strings.xml,3
gpslogger/src/main/res/values-ca/strings.xml,15
gpslogger/src/main/res/values-cs/strings.xml,42
gpslogger/src/main/res/values-de/strings.xml,53
gpslogger/src/main/res/values-es-rES/strings.xml,29
gpslogger/src/main/res/values-es-rMX/strings.xml,29
gpslogger/src/main/res/values-fr/strings.xml,51
gpslogger/src/main/res/values-hr/strings.xml,25
gpslogger/src/main/res/values-ja/strings.xml,42
gpslogger/src/main/res/values-ko/strings.xml,22
gpslogger/src/main/res/values-ms/strings.xml,26
gpslogger/src/main/res/values-nl/strings.xml,39
gpslogger/src/main/res/values-pl/strings.xml,36
gpslogger/src/main/res/values-ru/strings.xml,45
gpslogger/src/main/res/values-tr/strings.xml,30
gpslogger/src/main/res/values-zh-rCN/strings.xml,27
gpslogger/src/main/res/values-zh-rTW/strings.xml,31
gpslogger/src/main/java/com/mendhak/gpslogger/ui/fragments/settings/CustomUrlFragment.java,30
gpslogger/src/main/java/com/mendhak/gpslogger/common/Locations.java,10
gpslogger/src/test/java/com/mendhak/gpslogger/common/LocationsTest.java,8
gpslogger/src/main/java/com/mendhak/gpslogger/common/Strings.java,28
gpslogger/src/main/java/com/mendhak/gpslogger/loggers/FileLoggerFactory.java,41
gpslogger/src/main/java/com/mendhak/gpslogger/loggers/customurl/CustomUrlLogger.java,45
gpslogger/src/main/res/values/strings.xml,123
gpslogger/src/test/java/com/mendhak/gpslogger/loggers/customurl/CustomUrlLoggerTest.java,32
.gitignore,30
gpslogger/src/test/java/com/mendhak/gpslogger/common/StringsTest.java,23
gpslogger/src/test/java/com/mendhak/gpslogger/loggers/FilesTest.java,2
gpslogger/src/test/java/com/mendhak/gpslogger/loggers/csv/CSVFileLoggerTest.java,11
gpslogger/src/test/java/com/mendhak/gpslogger/loggers/customurl/CustomUrlRequestTest.java,6
gpslogger/src/test/java/com/mendhak/gpslogger/loggers/gpx/Gpx10AnnotateHandlerTest.java,7
gpslogger/src/test/java/com/mendhak/gpslogger/loggers/gpx/Gpx10WriteHandlerTest.java,12
gpslogger/src/test/java/com/mendhak/gpslogger/loggers/gpx/Gpx11WriteHandlerTest.java,4
gpslogger/src/test/java/com/mendhak/gpslogger/loggers/kml/Kml22AnnotateHandlerTest.java,5
gpslogger/src/test/java/com/mendhak/gpslogger/loggers/nmea/NmeaSentenceTest.java,6
gpslogger/src/test/java/com/mendhak/gpslogger/senders/dropbox/DropBoxManagerTest.java,9
gpslogger/src/test/java/com/mendhak/gpslogger/senders/email/AutoEmailManagerTest.java,6
gpslogger/src/test/java/com/mendhak/gpslogger/senders/ftp/FtpManagerTest.java,6
gpslogger/src/test/java/com/mendhak/gpslogger/senders/googledrive/GoogleDriveManagerTest.java,4
gpslogger/src/test/java/com/mendhak/gpslogger/senders/opengts/OpenGTSManagerTest.java,8
gpslogger/src/test/java/com/mendhak/gpslogger/senders/osm/OpenStreetMapManagerTest.java,3
gpslogger/src/test/java/com/mendhak/gpslogger/senders/owncloud/OwnCloudManagerTest.java,5
gpslogger/src/test/java/com/mendhak/gpslogger/senders/sftp/SFTPManagerTest.java,2
gpslogger/src/test/java/com/mendhak/gpslogger/ui/DialogsTest.java,4
gpslogger/buildtools/ColoredOutput.gradle,6
.github/workflows/android.yml,5
README.md,87
gpslogger/src/main/java/com/mendhak/gpslogger/common/PreferenceHelper.java,53
gpslogger/src/main/res/values/arrays.xml,14
gradle/wrapper/gradle-wrapper.properties,23
assets/generate-pages/scaffolding/footer-pics.html,3
docs/index.html,42
gpslogger/src/main/java/com/mendhak/gpslogger/GpsMainActivity.java,180
gpslogger/src/main/java/com/mendhak/gpslogger/NotificationAnnotationActivity.java,24
gpslogger/src/main/java/com/mendhak/gpslogger/ui/Dialogs.java,10
gpslogger/src/main/java/com/mendhak/gpslogger/ui/fragments/display/GenericViewFragment.java,18
.travis.yml,73
gpslogger/src/main/res/layout/custom_autocomplete_view.xml,2
gpslogger/src/main/java/com/mendhak/gpslogger/loggers/Files.java,17
gpslogger/src/main/res/layout/custom_filename_view.xml,1
assets/text/faq/faq23-logs-missing-datafields.md,1
assets/text/faq/faq50-making-feature-requests.md,1
gpslogger/src/main/java/com/mendhak/gpslogger/Faqtivity.java,32
assets/text/faq/faq15-preset-files.md,2
assets/text/faq/faq19-profiles.md,2
assets/text/faq/faq19a-save-profiles.md,1
assets/text/faq/faq19b-profiles-link.md,1
assets/text/faq/faq19b-profiles-url.md,1
assets/text/faq/faq19c-profiles-local.md,1
assets/text/faq/images/19a_from_link_2.gif,1
assets/text/faq/images/19a_from_url_2.gif,1
assets/text/faq/images/19profiles_menu.png,1
docs/images/19a_from_link_2.gif,1
docs/images/19a_from_url_2.gif,1
docs/images/19profiles_menu.png,1
gpslogger/src/main/java/com/mendhak/gpslogger/common/events/ProfileEvents.java,7
gpslogger/src/main/res/drawable-mdpi/link_plus.png,1
gpslogger/src/main/java/com/mendhak/gpslogger/ProfileLinkReceiverActivity.java,7
gpslogger/src/main/res/drawable-mdpi/download_outline.png,1
gpslogger/src/main/res/drawable-mdpi/library_plus.png,1
gpslogger/src/main/res/xml/customurlsettings.xml,23
gpslogger/src/main/java/com/mendhak/gpslogger/loggers/customurl/CustomUrlJob.java,43
assets/generate-pages/content/06.features.md,2
assets/generate-pages/package-lock.json,7
assets/generate-pages/package.json,4
assets/generate-pages/static/main.css,2
assets/text/faq/faq14-tasker-automation.md,12
docs/license.html,11
docs/main.css,2
gpslogger/src/main/java/com/mendhak/gpslogger/ui/fragments/settings/PerformanceSettingsFragment.java,7
gpslogger/src/main/java/com/mendhak/gpslogger/common/PreferenceNames.java,27
gpslogger/src/main/java/com/mendhak/gpslogger/senders/dropbox/DropboxJob.java,22
gpslogger/src/main/java/com/mendhak/gpslogger/senders/email/AutoEmailJob.java,32
gpslogger/src/main/java/com/mendhak/gpslogger/senders/ftp/FtpJob.java,21
gpslogger/src/main/java/com/mendhak/gpslogger/senders/googledrive/GoogleDriveJob.java,24
gpslogger/src/main/java/com/mendhak/gpslogger/senders/osm/OSMJob.java,18
gpslogger/src/main/java/com/mendhak/gpslogger/senders/owncloud/OwnCloudJob.java,28
gpslogger/src/main/java/com/mendhak/gpslogger/senders/sftp/SFTPJob.java,6
gpslogger/src/main/java/com/mendhak/gpslogger/ui/fragments/settings/LoggingSettingsFragment.java,15
gpslogger/src/main/java/com/mendhak/gpslogger/ui/fragments/settings/SFTPSettingsFragment.java,9
gpslogger/src/main/res/values-ar/strings.xml,32
gpslogger/src/main/res/values-da/strings.xml,35
gpslogger/src/main/res/values-es-rPE/strings.xml,14
gpslogger/src/main/res/values-fil/strings.xml,7
gpslogger/src/main/res/values-hu/strings.xml,43
gpslogger/src/main/res/values-id/strings.xml,23
gpslogger/src/main/res/values-no/strings.xml,29
gpslogger/src/main/res/values-pt-rBR/strings.xml,48
gpslogger/src/main/res/values-pt-rPT/strings.xml,27
gpslogger/src/main/res/values-sk/strings.xml,49
gpslogger/src/main/res/values-vi/strings.xml,25
gpslogger/src/main/res/values/styles.xml,13
gpslogger/src/main/res/xml/fileprovider.xml,4
gpslogger/src/main/res/xml/pref_logging.xml,23
gpslogger/src/main/res/xml/pref_performance.xml,17
gpslogger/src/main/res/xml/sftpsettings.xml,6
gpslogger/src/main/java/com/mendhak/gpslogger/ui/fragments/settings/GeneralSettingsFragment.java,14
assets/text/faq/faq03-no-point-logged.md,5
assets/text/faq/faq08-what-settings-mean.md,3
gpslogger/src/main/res/layout/customurl_basicauthview.xml,3
gpslogger/src/main/java/com/mendhak/gpslogger/loggers/csv/CSVFileLogger.java,14
assets/text/faq/faq16-custom-url.md,3
gpslogger/src/main/java/com/mendhak/gpslogger/loggers/customurl/CustomUrlRequest.java,6
gpslogger/src/main/java/com/mendhak/gpslogger/loggers/geojson/GeoJSONWriterPoints.java,10
gpslogger/src/test/java/com/mendhak/gpslogger/loggers/geojson/GeoJSONLoggerTest.java,5
gpslogger/src/main/java/com/mendhak/gpslogger/common/Session.java,30
gpslogger/src/main/java/com/mendhak/gpslogger/loggers/customurl/CustomUrlRequest.kt,10
gpslogger/src/main/java/com/mendhak/gpslogger/ui/fragments/settings/AutoEmailFragment.java,12
gpslogger/src/test/java/com/mendhak/gpslogger/loggers/customurl/CustomUrlRequestTest.kt,8
assets/text/opensource.md,6
docs/gps-fix-details.html,10
docs/opensourcelibraries.html,10
docs/privacypolicy.html,13
gpslogger/proguard-rules.txt,15
gpslogger/src/test/java/com/mendhak/gpslogger/loggers/customurl/CustomUrlRequestJava.java,2
gpslogger/src/main/res/values-af/strings.xml,11
gpslogger/src/main/res/values-cy/strings.xml,5
gpslogger/src/main/res/values-el/strings.xml,10
gpslogger/src/main/res/values-es-rCO/strings.xml,2
gpslogger/src/main/res/values-es-rVE/strings.xml,2
gpslogger/src/main/res/values-fa/strings.xml,14
gpslogger/src/main/res/values-fi/strings.xml,28
gpslogger/src/main/res/values-fr-rCA/strings.xml,7
gpslogger/src/main/res/values-gl/strings.xml,4
gpslogger/src/main/res/values-he/strings.xml,12
gpslogger/src/main/res/values-hi/strings.xml,5
gpslogger/src/main/res/values-is/strings.xml,4
gpslogger/src/main/res/values-lt/strings.xml,18
gpslogger/src/main/res/values-lv/strings.xml,8
gpslogger/src/main/res/values-mk/strings.xml,4
gpslogger/src/main/res/values-ne-rNP/strings.xml,2
gpslogger/src/main/res/values-ro/strings.xml,30
gpslogger/src/main/res/values-sl/strings.xml,25
gpslogger/src/main/res/values-sr/strings.xml,8
gpslogger/src/main/res/values-sv-rSE/strings.xml,25
gpslogger/src/main/res/values-ta/strings.xml,12
gpslogger/src/main/res/values-th/strings.xml,25
gpslogger/src/main/res/values-tl/strings.xml,18
gpslogger/src/main/res/values-zh-rHK/strings.xml,8
assets/icons/shortcut_start_stop.xcf,2
assets/icons/shortcut_start_stop_bg.xcf,3
gpslogger/src/main/java/com/mendhak/gpslogger/AndroidWearListenerService.java,11
gpslogger/src/main/java/com/mendhak/gpslogger/loggers/nmea/NmeaSentence.java,10
gpslogger/src/main/java/com/mendhak/gpslogger/loggers/wear/AndroidWearLogger.java,8
gpslogger/src/main/java/com/mendhak/gpslogger/ui/fragments/PermissionedPreferenceFragment.java,5
gpslogger/src/main/java/com/mendhak/gpslogger/ui/fragments/display/PermissionedFragment.java,5
gpslogger/src/main/java/com/mendhak/gpslogger/ui/fragments/settings/DropboxAuthorizationFragment.java,8
gpslogger/src/main/java/com/mendhak/gpslogger/ui/fragments/settings/FtpFragment.java,7
gpslogger/src/main/java/com/mendhak/gpslogger/ui/fragments/settings/GoogleDriveSettingsFragment.java,11
gpslogger/src/main/java/com/mendhak/gpslogger/ui/fragments/settings/OSMAuthorizationFragment.java,10
gpslogger/src/main/java/com/mendhak/gpslogger/ui/fragments/settings/OpenGTSFragment.java,8
gpslogger/src/main/java/com/mendhak/gpslogger/ui/fragments/settings/OwnCloudSettingsFragment.java,9
gpslogger/src/main/res/drawable-xxxhdpi/gps_shortcut_start.png,3
gpslogger/src/main/res/drawable-xxxhdpi/gps_shortcut_stop.png,3
gpslogger/src/main/res/xml/pref_general.xml,26
gpsloggerwear/.gitignore,4
gpsloggerwear/build.gradle,30
gpsloggerwear/proguard-rules.pro,4
gpsloggerwear/src/main/AndroidManifest.xml,5
gpsloggerwear/src/main/java/com/mendhak/gpslogger/ListenerService.java,4
gpsloggerwear/src/main/java/com/mendhak/gpslogger/MainWearActivity.java,7
gpsloggerwear/src/main/res/drawable/gpsloggericon3.png,4
gpsloggerwear/src/main/res/layout/activity_main_wear.xml,7
gpsloggerwear/src/main/res/mipmap-hdpi/ic_launcher.png,4
gpsloggerwear/src/main/res/mipmap-mdpi/ic_launcher.png,4
gpsloggerwear/src/main/res/mipmap-xhdpi/ic_launcher.png,4
gpsloggerwear/src/main/res/mipmap-xxhdpi/ic_launcher.png,4
gpsloggerwear/src/main/res/values/strings.xml,4
settings.gradle,4
gpslogger/src/main/java/com/mendhak/gpslogger/shortcuts/ShortcutCreate.java,11
gpslogger/src/main/java/com/mendhak/gpslogger/common/network/CertificateValidationWorkflow.java,5
gpslogger/src/main/java/com/mendhak/gpslogger/MyPackageUpgradeReceiver.java,5
gpslogger/src/main/java/com/mendhak/gpslogger/RestarterReceiver.java,2
gpslogger/src/main/java/com/mendhak/gpslogger/StartupReceiver.java,20
gpslogger/src/main/java/com/mendhak/gpslogger/TaskerReceiver.java,3
gpslogger/src/main/java/com/mendhak/gpslogger/common/GpsLoggerFileProvider.java,2
gpslogger/src/main/java/com/mendhak/gpslogger/senders/AlarmReceiver.java,16
gpslogger/src/main/java/com/mendhak/gpslogger/shortcuts/ShortcutStart.java,14
gpslogger/src/main/java/com/mendhak/gpslogger/ui/fragments/display/GpsDetailedViewFragment.java,19
gpslogger/src/main/java/com/mendhak/gpslogger/ui/fragments/display/GpsSimpleViewFragment.java,18
gpslogger/src/main/res/layout/spinner_dropdown_item.xml,4
gpslogger/src/main/java/com/mendhak/gpslogger/common/AppSettings.java,67
gpslogger/src/main/java/com/mendhak/gpslogger/common/WifiNetworkUtil.java,16
gpslogger/src/main/java/com/mendhak/gpslogger/loggers/opengts/OpenGtsUdpJob.java,5
gpslogger/src/main/java/com/mendhak/gpslogger/senders/dropbox/DropBoxManager.java,18
gpslogger/src/main/java/com/mendhak/gpslogger/senders/email/AutoEmailManager.java,13
gpslogger/src/main/java/com/mendhak/gpslogger/senders/ftp/FtpManager.java,18
gpslogger/src/main/java/com/mendhak/gpslogger/senders/googledrive/GoogleDriveManager.java,16
gpslogger/src/main/java/com/mendhak/gpslogger/senders/opengts/OpenGTSManager.java,27
gpslogger/src/main/java/com/mendhak/gpslogger/senders/osm/OpenStreetMapManager.java,17
gpslogger/src/main/java/com/mendhak/gpslogger/senders/owncloud/OwnCloudManager.java,18
gpslogger/src/main/java/com/mendhak/gpslogger/senders/sftp/SFTPManager.java,2
assets/generate-pages/scaffolding/top.html,4
assets/generate-pages/static/images/favicon.png,1
docs/images/favicon.png,1
assets/generate-pages/scaffolding/intro-header.html,3
docs/CNAME,3
gpslogger/src/main/java/com/mendhak/gpslogger/common/SerializableLocation.java,12
gpslogger/src/main/res/xml-v25/shortcuts.xml,1
gpslogger/src/main/java/com/mendhak/gpslogger/loggers/opengts/OpenGTSLogger.java,14
gpslogger/src/main/java/com/mendhak/gpslogger/loggers/gpx/Gpx10FileLogger.java,32
gpslogger/src/main/java/com/mendhak/gpslogger/loggers/kml/Kml22FileLogger.java,19
assets/text/faq/faq05-what-units.md,2
gpslogger/src/main/java/com/mendhak/gpslogger/loggers/gpx/Gpx11FileLogger.java,3
gpslogger/src/main/java/com/mendhak/gpslogger/shortcuts/ShortcutStop.java,11
assets/generate-pages/content/17.customurl.md,3
assets/generate-pages/content/images/17.png,3
assets/generate-pages/filesToProcess.json,4
assets/pgp.png,2
assets/testharness/docker-compose.yml,12
docs/images/17.png,3
gpslogger/src/main/java/com/mendhak/gpslogger/MainPreferenceActivity.java,29
gpslogger/src/main/java/com/mendhak/gpslogger/loggers/geojson/GeoJSONLogger.java,7
gpslogger/src/main/java/com/mendhak/gpslogger/loggers/nmea/NmeaFileLogger.java,18
gpslogger/src/main/java/com/mendhak/gpslogger/senders/FileSenderFactory.java,50
gpslogger/src/test/java/com/mendhak/gpslogger/loggers/customurl/CustomUrlJobTest.java,6
gpslogger/src/test/java/com/mendhak/gpslogger/loggers/customurl/CustomUrlJobTest.kt,3
gpslogger/package-lock.json,1
assets/generate-pages/static/images/GitHub-Mark-64px.png,1
assets/generate-pages/static/images/GitHub_Logo.png,1
assets/generate-pages/static/images/crowdin.png,1
assets/generate-pages/static/images/dribble.png,1
assets/generate-pages/static/images/facebook.png,1
assets/generate-pages/static/images/google.png,1
assets/generate-pages/static/images/instagram.png,1
assets/generate-pages/static/images/twitter.png,1
docs/images/GitHub-Mark-64px.png,1
docs/images/GitHub_Logo.png,1
docs/images/crowdin.png,1
docs/images/dribble.png,1
docs/images/facebook.png,1
docs/images/google.png,1
docs/images/instagram.png,1
docs/images/twitter.png,1
gpslogger/src/main/res/drawable-mdpi/geojson.png,3
gpslogger/src/main/res/layout/fragment_simple_view.xml,17
gpslogger/src/main/java/com/mendhak/gpslogger/common/BundleConstants.java,3
gpslogger/src/main/java/com/mendhak/gpslogger/common/Maths.java,10
gpslogger/src/main/java/com/mendhak/gpslogger/common/events/UploadEvents.java,25
gpslogger/src/main/java/com/mendhak/gpslogger/senders/GpxReader.java,12
gpslogger/src/main/res/xml/autoftpsettings.xml,14
gpslogger/src/main/java/com/mendhak/gpslogger/loggers/geojson/GeoJSONWriter.java,3
gpslogger/src/main/java/com/mendhak/gpslogger/loggers/geojson/GeoJSONWriterFeatureCollections.java,2
gpslogger/src/main/java/com/mendhak/gpslogger/loggers/geojson/GeoJSONWriterLine.java,2
assets/generate-pages/index.js,7
assets/text/faq/faq99-other-links.md,4
gpslogger/src/main/java/com/mendhak/gpslogger/common/IntentConstants.java,8
gpslogger/src/main/java/com/mendhak/gpslogger/common/events/CommandEvents.java,10
gpslogger/src/main/res/layout/fragment_detailed_view.xml,14
gpslogger/src/main/res/values-sv/strings.xml,20
gpslogger/src/main/res/values-es/strings.xml,17
gpslogger/src/main/res/values-zh/strings.xml,17
packages.txt,2
gpslogger/src/main/java/com/mendhak/gpslogger/ui/fragments/settings/UploadSettingsFragment.java,7
gpslogger/src/main/res/xml/pref_upload.xml,15
assets/text/privacypolicy.md,6
gpslogger/src/main/res/drawable-mdpi/sftp.png,1
gpslogger/src/main/res/menu/gps_main.xml,10
gpslogger/src/main/java/com/mendhak/gpslogger/senders/ssh/SSHManager.java,4
assets/testharness/1.setup.sh,7
gpslogger/src/main/java/com/mendhak/gpslogger/senders/ssh/SSHJob.java,3
gpslogger/src/main/java/com/mendhak/gpslogger/ui/fragments/settings/SSHSettingsFragment.java,4
gpslogger/src/main/res/xml/sshsettings.xml,3
gradle.properties,6
assets/text/faq/faq23-making-feature-requests.md,1
gpslogger/src/main/java/com/mendhak/gpslogger/ui/fragments/display/GpsLogViewFragment.java,6
gpslogger/src/main/res/layout/fragment_log_view.xml,6
gpslogger/src/main/java/com/mendhak/gpslogger/ui/components/InteractiveScrollView.java,1
assets/text/faq/faq17-other-uses.md,2
assets/text/faq/faq06-where-are-gps-files.md,2
gpslogger/src/main/java/com/mendhak/gpslogger/common/network/Networks.java,2
gpslogger/src/main/java/com/mendhak/gpslogger/common/slf4j/LoggingOutputStream.java,1
assets/text/faq/faq22-why-gps-jumps.md,1
gpslogger/src/main/res/values-hdpi/dimens.xml,6
gpslogger/src/main/res/values-ldpi/dimens.xml,5
gpslogger/src/main/res/values-mdpi/dimens.xml,5
gpslogger/src/main/res/values-xhdpi/dimens.xml,7
gpslogger/src/main/res/values-pt/strings.xml,11
gpslogger/src/main/res/xml/autoemailsettings.xml,12
gpslogger/src/main/res/xml/dropboxsettings.xml,5
gpslogger/src/main/res/xml/gdocssettings.xml,5
gpslogger/src/main/res/xml/opengtssettings.xml,13
gpslogger/src/main/res/xml/owncloudsettings.xml,9
assets/text/faq/faq20-troubleshooting.md,2
assets/testharness/owncloudstorage/config/3party_apps.conf,2
assets/testharness/owncloudstorage/config/dhparam.pem,4
assets/testharness/owncloudstorage/config/docker_image_owncloud.config.php,2
gpslogger/src/main/res/layout/activity_faq_list_item.xml,6
gpslogger/src/main/res/layout/activity_gps_main.xml,7
gpslogger/src/main/res/layout/activity_preferences.xml,3
gpslogger/src/main/res/layout/error_alertview.xml,4
gpslogger/src/main/res/layout/fragment_big_view.xml,3
gpslogger/src/main/res/layout/smaller_header.xml,3
assets/text/faq/faq21-custom-ssl-certificates.md,1
assets/text/faq/images/21sslvalidation.gif,1
docs/images/21sslvalidation.gif,1
gpslogger/src/main/java/com/mendhak/gpslogger/ui/components/FaqExpandableListAdapter.java,4
gpslogger/src/main/res/layout/toolbar.xml,3
gpslogger/src/main/java/com/mendhak/gpslogger/loggers/csv/PlainTextFileLogger.java,13
gpslogger/src/main/java/com/mendhak/gpslogger/common/Networks.java,5
gpslogger/src/main/java/com/mendhak/gpslogger/common/network/CertificateValidationException.java,1
gpslogger/src/main/java/com/mendhak/gpslogger/common/network/LocalX509TrustManager.java,1
gpslogger/src/main/java/com/mendhak/gpslogger/common/network/ServerType.java,1
gpslogger/src/main/java/com/mendhak/gpslogger/common/LocalX509TrustManager.java,2
assets/testharness/2.teardown.sh,2
assets/testharness/3.cleanup.sh,4
gpslogger/src/main/java/com/mendhak/gpslogger/loggers/customurl/CustomUrlTrustEverything.java,11
gpslogger/src/main/java/com/mendhak/gpslogger/senders/owncloud/SelfSignedConfidentSslSocketFactory.java,9
gpslogger/src/main/java/com/mendhak/gpslogger/common/CertificateValidationException.java,1
gpslogger/src/main/java/com/mendhak/gpslogger/loggers/customurl/LocalX509TrustManager.java,1
gpslogger/src/main/java/com/mendhak/gpslogger/common/ContentApi.java,9
gpslogger/src/main/java/com/mendhak/gpslogger/common/EventBusHook.java,4
gpslogger/src/main/java/com/mendhak/gpslogger/common/ProfilePreference.java,3
gpslogger/src/main/java/com/mendhak/gpslogger/common/RejectionHandler.java,6
gpslogger/src/main/java/com/mendhak/gpslogger/common/events/ServiceEvents.java,25
gpslogger/src/main/java/com/mendhak/gpslogger/common/slf4j/FifoDeque.java,3
gpslogger/src/main/java/com/mendhak/gpslogger/common/slf4j/GpsRollingFileAppender.java,6
gpslogger/src/main/java/com/mendhak/gpslogger/common/slf4j/Logs.java,3
gpslogger/src/main/java/com/mendhak/gpslogger/common/slf4j/SessionLogcatAppender.java,11
gpslogger/src/main/java/com/mendhak/gpslogger/loggers/FileLogger.java,4
gpslogger/src/main/java/com/mendhak/gpslogger/loggers/Streams.java,5
gpslogger/src/main/java/com/mendhak/gpslogger/senders/FileSender.java,5
gpslogger/src/main/java/com/mendhak/gpslogger/senders/PreferenceValidator.java,4
gpslogger/src/main/java/com/mendhak/gpslogger/senders/ZipHelper.java,9
gpslogger/src/main/java/com/mendhak/gpslogger/ui/components/CustomSwitchPreference.java,3
gpslogger/src/main/java/com/mendhak/gpslogger/ui/components/GpsLoggerDrawerItem.java,3
gpslogger/src/main/java/com/mendhak/gpslogger/ui/fragments/display/GpsBigViewFragment.java,6
gpslogger/src/test/java/com/mendhak/gpslogger/loggers/csv/PlainTextFileLoggerTest.java,5
gpslogger/src/test/java/com/mendhak/gpslogger/common/MathsTest.java,2
gpslogger/src/main/res/drawable-hdpi/help.png,2
gpslogger/src/main/res/values-de/strings_faq.xml,6
gpslogger/src/main/res/values-hr/strings_faq.xml,5
gpslogger/src/main/res/values-hu/strings_faq.xml,2
gpslogger/src/main/res/values-ja/strings_faq.xml,4
gpslogger/src/main/res/values-nl/strings_faq.xml,4
gpslogger/src/main/res/values-sk/strings_faq.xml,4
gpslogger/src/main/res/values-uk/strings_faq.xml,2
gpslogger/src/main/res/values/strings_faq.xml,5
gpslogger/src/main/java/com/mendhak/gpslogger/ui/components/ExpandableListAdapter.java,2
gpslogger/src/main/res/layout/activity_faq.xml,6
gpslogger/src/main/res/layout/activity_faq_list_group.xml,4
gpslogger/src/main/assets/faq/.gitignore,1
gpslogger/src/main/assets/faq/.gitkeep,1
docs/favicon.ico,3
docs/images/content-bg.png,3
docs/images/social/GitHub-Mark-64px.png,3
docs/images/social/GitHub_Logo.png,3
docs/images/social/dribble.png,3
docs/images/social/facebook.png,3
docs/images/social/google.png,3
docs/images/social/instagram.png,3
docs/images/social/twitter.png,3
assets/text/faq/faq98-download-it.md,1
assets/generate-pages/README.md,2
assets/generate-pages/content/images/1.png,1
assets/generate-pages/content/images/10.png,1
assets/generate-pages/content/images/11.png,1
assets/generate-pages/content/images/12.png,1
assets/generate-pages/content/images/13.png,1
assets/generate-pages/content/images/14.png,1
assets/generate-pages/content/images/15.png,1
assets/generate-pages/content/images/16.png,1
assets/generate-pages/content/images/2.png,1
assets/generate-pages/content/images/3.png,1
assets/generate-pages/content/images/4.png,1
assets/generate-pages/content/images/5.png,1
assets/generate-pages/content/images/5a.png,1
assets/generate-pages/content/images/6.png,1
assets/generate-pages/content/images/7.png,1
assets/generate-pages/content/images/7a.png,1
assets/generate-pages/content/images/8.png,1
assets/generate-pages/content/images/9.png,1
assets/generate-pages/static/images/banana.png,2
assets/text/faq/images/17notif.png,1
assets/text/faq/images/18imperial.png,1
assets/text/faq/images/19profiles.gif,1
assets/text/faq/images/7b.png,1
docs/images/banana.png,2
assets/generate-pages/content/01.mainscreen.md,1
assets/generate-pages/content/02.menus.md,1
assets/generate-pages/content/03.simpleview.md,1
assets/generate-pages/content/04.detailedview.md,1
assets/generate-pages/content/05.bigview.md,1
assets/generate-pages/content/07.general-settings.md,1
assets/generate-pages/content/08.logging-details.md,1
assets/generate-pages/content/09.logging-details.md,1
assets/generate-pages/content/10.logging-details.md,1
assets/generate-pages/content/11.auto-send.md,1
assets/generate-pages/content/12.ftp-setup.md,1
assets/generate-pages/content/13.auto-email.md,1
assets/generate-pages/content/14.open-gts.md,1
assets/generate-pages/content/15.openstreetmap.md,1
assets/generate-pages/scaffolding/bottom.html,1
assets/generate-pages/static/README.md,1
assets/generate-pages/static/favicon.ico,1
assets/generate-pages/static/images/1.png,1
assets/generate-pages/static/images/10.png,1
assets/generate-pages/static/images/11.png,1
assets/generate-pages/static/images/12.png,1
assets/generate-pages/static/images/13.png,1
assets/generate-pages/static/images/14.png,1
assets/generate-pages/static/images/15.png,1
assets/generate-pages/static/images/16.png,1
assets/generate-pages/static/images/17notif.png,1
assets/generate-pages/static/images/18imperial.png,1
assets/generate-pages/static/images/19profiles.gif,1
assets/generate-pages/static/images/2.png,1
assets/generate-pages/static/images/3.png,1
assets/generate-pages/static/images/4.png,1
assets/generate-pages/static/images/5.png,1
assets/generate-pages/static/images/5a.png,1
assets/generate-pages/static/images/6.png,1
assets/generate-pages/static/images/7.png,1
assets/generate-pages/static/images/7a.png,1
assets/generate-pages/static/images/7b.png,1
assets/generate-pages/static/images/8.png,1
assets/generate-pages/static/images/9.png,1
assets/generate-pages/static/images/Paypal-Donate-Button-Image.png,1
assets/generate-pages/static/images/Satellite.png,1
assets/generate-pages/static/images/content-bg.png,1
assets/generate-pages/static/images/gps_icon05.png,1
assets/generate-pages/static/images/permalink.png,1
assets/generate-pages/static/images/qrcode.gpslogger.png,1
assets/generate-pages/static/images/social/GitHub-Mark-64px.png,1
assets/generate-pages/static/images/social/GitHub_Logo.png,1
assets/generate-pages/static/images/social/crowdin.png,1
assets/generate-pages/static/images/social/dribble.png,1
assets/generate-pages/static/images/social/facebook.png,1
assets/generate-pages/static/images/social/google.png,1
assets/generate-pages/static/images/social/instagram.png,1
assets/generate-pages/static/images/social/twitter.png,1
assets/text/faq/faq01-why-taking-so-long.md,1
assets/text/faq/faq02-why-sometimes-inaccurate.md,1
assets/text/faq/faq04-what-timezone.md,1
assets/text/faq/faq07-settings-changed.md,1
assets/text/faq/faq09-recommended-settings.md,1
assets/text/faq/faq10-exact-time-settings.md,1
assets/text/faq/faq11-remove-notification.md,1
assets/text/faq/faq12-task-managers.md,1
assets/text/faq/faq13-difference-other-apps.md,1
assets/text/faq/faq16-download-it.md,1
assets/text/faq/faq18-research.md,1
assets/text/faq/pages/gps-fix-details.md,1
docs/1.xcf,3
docs/2.xcf,3
docs/README.md,1
docs/css/base.css,3
docs/css/layout.css,3
docs/images/1.png,1
docs/images/10.png,1
docs/images/11.png,1
docs/images/12.png,1
docs/images/13.png,1
docs/images/14.png,1
docs/images/15.png,1
docs/images/16.png,1
docs/images/17notif.png,1
docs/images/18imperial.png,1
docs/images/19profiles.gif,1
docs/images/2.png,1
docs/images/3.png,1
docs/images/4.png,1
docs/images/5.png,1
docs/images/5a.png,1
docs/images/6.png,1
docs/images/7.png,1
docs/images/7a.png,1
docs/images/7b.png,1
docs/images/8.png,1
docs/images/9.png,1
docs/images/Paypal-Donate-Button-Image.png,1
docs/images/Satellite.png,1
docs/images/arrow.png,3
docs/images/bg.png,3
docs/images/bubble.png,3
docs/images/donate.png,3
docs/images/footer-logo.png,3
docs/images/go-to-top.png,3
docs/images/gps_icon05.png,1
docs/images/gravatar.png,3
docs/images/logo.png,3
docs/images/permalink.png,1
docs/images/post-thumb-710x228.png,3
docs/images/qrcode.gpslogger.png,1
docs/images/quote.png,3
docs/images/sample-image-216x216.png,3
docs/images/thumb.jpg,3
docs/images/x.png,3
docs/js/custom.js,3
docs/js/jquery-1.10.2.min.js,3
docs/1.png,2
docs/10.png,2
docs/11.png,2
docs/12.png,2
docs/13.png,2
docs/14.png,2
docs/15.png,2
docs/16.png,2
docs/2.png,2
docs/3.png,2
docs/4.png,2
docs/5.png,2
docs/5a.png,2
docs/6.png,2
docs/7.png,2
docs/7a.png,2
docs/7b.png,2
docs/8.png,2
docs/9.png,2
docs/Paypal-Donate-Button-Image.png,2
docs/Satellite.png,2
docs/images/social/crowdin.png,2
docs/qrcode.gpslogger.png,2
1.png,10
1.xcf,5
10.png,6
11.png,6
12.png,6
13.png,6
14.png,5
15.png,4
16.png,4
2.png,9
2.xcf,4
3.png,9
4.png,9
5.png,7
5a.png,4
6.png,8
7.png,8
7a.png,5
7b.png,3
8.png,8
9.png,7
Paypal-Donate-Button-Image.png,3
Satellite.png,3
css/base.css,6
css/layout.css,11
favicon.ico,3
images/arrow.png,3
images/bg.png,3
images/bubble.png,3
images/content-bg.png,3
images/donate.png,3
images/footer-logo.png,3
images/go-to-top.png,3
images/gravatar.png,3
images/logo.png,3
images/post-thumb-710x228.png,3
images/quote.png,3
images/sample-image-216x216.png,3
images/social/GitHub-Mark-64px.png,3
images/social/GitHub_Logo.png,3
images/social/crowdin.png,3
images/social/dribble.png,3
images/social/facebook.png,3
images/social/google.png,3
images/social/instagram.png,3
images/social/twitter.png,3
images/thumb.jpg,3
images/x.png,3
index.html,52
js/custom.js,3
js/jquery-1.10.2.min.js,3
qrcode.gpslogger.png,4
assets/logo_IntelliJIDEA.png,2
assets/testharness/postfixstorage/postfix/main.cf,2
gpslogger/src/main/java/com/mendhak/gpslogger/senders/email/Mail.java,11
gpslogger/src/main/java/com/mendhak/gpslogger/loggers/opengts/OpenGTSJob.java,12
gpslogger/src/test/java/com/mendhak/gpslogger/loggers/opengts/OpenGTSJobTest.java,3
assets/testharness/.gitignore,1
assets/testharness/README.md,1
gpslogger/src/test/java/com/mendhak/gpslogger/loggers/MockLocations.java,4
gpslogger/src/main/java/com/mendhak/gpslogger/loggers/opengts/OpenGTSClient.java,2
gpslogger/src/main/java/com/mendhak/gpslogger/senders/owncloud/OwnCloudSettingsFragment.java,17
gpslogger/src/main/java/com/mendhak/gpslogger/ui/fragments/settings/OwnCloudManager.java,1
gpslogger/src/main/java/com/mendhak/gpslogger/settings/GeneralSettingsFragment.java,11
gpslogger/src/main/java/com/mendhak/gpslogger/common/MessageBoxCallback.java,3
gpslogger/src/main/java/com/mendhak/gpslogger/common/Utilities.java,79
gpslogger/src/main/java/com/mendhak/gpslogger/senders/dropbox/DropboxAuthorizationFragment.java,12
gpslogger/src/main/java/com/mendhak/gpslogger/senders/email/AutoEmailFragment.java,23
gpslogger/src/main/java/com/mendhak/gpslogger/senders/ftp/FtpFragment.java,11
gpslogger/src/main/java/com/mendhak/gpslogger/senders/googledrive/GoogleDriveSettingsFragment.java,6
gpslogger/src/main/java/com/mendhak/gpslogger/senders/opengts/OpenGTSFragment.java,13
gpslogger/src/main/java/com/mendhak/gpslogger/senders/osm/OSMAuthorizationFragment.java,14
gpslogger/src/main/java/com/mendhak/gpslogger/settings/LoggingSettingsFragment.java,21
gpslogger/src/main/java/com/mendhak/gpslogger/settings/UploadSettingsFragment.java,5
gpslogger/src/main/java/com/mendhak/gpslogger/ui/fragments/GenericViewFragment.java,1
gpslogger/src/main/java/com/mendhak/gpslogger/ui/fragments/GpsBigViewFragment.java,1
gpslogger/src/main/java/com/mendhak/gpslogger/ui/fragments/GpsDetailedViewFragment.java,1
gpslogger/src/main/java/com/mendhak/gpslogger/ui/fragments/GpsLogViewFragment.java,1
gpslogger/src/main/java/com/mendhak/gpslogger/ui/fragments/GpsSimpleViewFragment.java,1
gpslogger/src/main/java/com/mendhak/gpslogger/ui/fragments/PermissionedFragment.java,1
gpslogger/src/main/res/xml/osmsettings.xml,4
gpslogger/src/test/java/com/mendhak/gpslogger/common/UtilitiesTest.java,7
gpslogger/src/main/java/com/mendhak/gpslogger/views/GpsLogViewFragment.java,13
gpslogger/src/main/java/com/mendhak/gpslogger/views/GpsSimpleViewFragment.java,42
gpslogger/src/main/java/com/mendhak/gpslogger/common/OpenGTSClient.java,15
gpslogger/src/main/java/com/mendhak/gpslogger/views/GenericViewFragment.java,35
gpslogger/src/main/java/com/mendhak/gpslogger/views/GpsDetailedViewFragment.java,55
gpslogger/src/main/java/com/mendhak/gpslogger/settings/PerformanceSettingsFragment.java,16
gpslogger/.gitignore,3
gpslogger/gradle.properties,3
gpslogger/src/main/java/com/mendhak/gpslogger/views/GpsBigViewFragment.java,23
gpslogger/src/main/java/com/mendhak/gpslogger/views/PermissionedFragment.java,4
gpslogger/src/main/java/com/mendhak/gpslogger/views/PermissionedPreferenceFragment.java,5
gpslogger/src/main/res/drawable-mdpi/bitcoin.png,3
gpslogger/src/main/res/drawable-mdpi/github.png,2
gpslogger/src/main/res/drawable-mdpi/translate.png,2
gpslogger/src/main/res/layout/alertview.xml,5
gpslogger/src/test/java/com/mendhak/gpslogger/MediumInstrumentationTestRunner.java,3
gpslogger/src/test/java/com/mendhak/gpslogger/SmallInstrumentationTestRunner.java,4
gpslogger/src/test/java/com/mendhak/gpslogger/UtilitiesTests.java,17
gpslogger/src/test/java/com/mendhak/gpslogger/loggers/FileLoggerTests.java,5
gradle/wrapper/gradle-wrapper.jar,2
gradlew,2
gradlew.bat,2
gradle/colored-test-output.gradle,2
gpslogger/src/main/java/com/mendhak/gpslogger/loggers/Gpx10FileLogger.java,14
gpslogger/src/main/java/com/mendhak/gpslogger/common/FileDialog/FolderSelectorDialog.java,8
gpslogger/src/main/java/com/mendhak/gpslogger/senders/IFileSender.java,5
gpslogger/src/main/java/com/mendhak/gpslogger/senders/gdocs/GoogleDriveManager.java,3
gpslogger/src/main/java/com/mendhak/gpslogger/senders/gdocs/GoogleDriveSettingsFragment.java,3
gpslogger/src/main/java/com/mendhak/gpslogger/common/IMessageBoxCallback.java,4
gpslogger/src/main/java/com/mendhak/gpslogger/common/IPreferenceValidation.java,3
gpslogger/src/main/java/com/mendhak/gpslogger/loggers/IFileLogger.java,3
gpslogger/src/main/java/com/mendhak/gpslogger/senders/gdocs/GoogleDriveJob.java,2
gpslogger/src/test/java/com/mendhak/gpslogger/UtilitiesTest.java,1
gpslogger/src/test/java/com/mendhak/gpslogger/loggers/Gpx10AnnotateHandlerTest.java,1
gpslogger/src/test/java/com/mendhak/gpslogger/loggers/Gpx10WriteHandlerTest.java,1
gpslogger/src/test/java/com/mendhak/gpslogger/loggers/Kml22AnnotateHandlerTest.java,1
gpslogger/src/test/java/com/mendhak/gpslogger/NmeaSentenceTests.java,1
gpslogger/src/main/java/com/mendhak/gpslogger/PreferenceNames.java,3
gpslogger/src/main/java/com/mendhak/gpslogger/loggers/Kml22FileLogger.java,7
gpslogger/src/main/java/com/mendhak/gpslogger/senders/ftp/FtpHelper.java,13
gpslogger/src/main/java/com/mendhak/gpslogger/senders/gdocs/GDocsHelper.java,17
gpslogger/src/main/java/com/mendhak/gpslogger/senders/gdocs/GDocsJob.java,12
gpslogger/src/main/java/com/mendhak/gpslogger/senders/gdocs/GDocsSettingsFragment.java,13
gpslogger/src/main/java/com/mendhak/gpslogger/senders/opengts/OpenGTSHelper.java,10
gpslogger/src/main/java/com/mendhak/gpslogger/senders/osm/OSMHelper.java,12
gpslogger/src/main/java/com/mendhak/gpslogger/senders/owncloud/OwnCloudHelper.java,8
gpslogger/src/main/java/com/mendhak/gpslogger/views/component/CustomSwitchPreference.java,3
gpslogger/src/main/java/com/mendhak/gpslogger/views/component/ExpandableListAdapter.java,6
gpslogger/src/main/java/com/mendhak/gpslogger/senders/ftp/AutoFtpFragment.java,10
gpslogger/src/main/java/com/mendhak/gpslogger/common/PreferenceValidationFragment.java,2
gpslogger/src/main/res/values-land-xhdpi/dimens.xml,2
gpslogger/src/main/res/drawable/header.jpg,2
gpslogger/src/main/res/drawable/header2.png,2
gpslogger/src/main/java/com/mendhak/gpslogger/views/component/GpsLoggerDrawerItem.java,1
gpslogger/src/main/res/drawable-mdpi/coffee.png,1
gpslogger/src/main/java/com/mendhak/gpslogger/senders/dropbox/DropBoxHelper.java,13
gpslogger/src/main/java/com/mendhak/gpslogger/senders/email/AutoEmailHelper.java,11
gpslogger/src/main/res/values-es-MX/strings.xml,2
gpslogger/src/main/res/values-pt-BR/strings.xml,6
gpslogger/src/main/res/values-zh-TW/strings.xml,2
gpslogger/src/main/java/com/mendhak/gpslogger/views/component/ExpandableTextView.java,3
gpslogger/src/main/res/values/attr.xml,2
gpslogger/src/main/java/com/mendhak/gpslogger/common/FifoDeque.java,2
gpslogger/aars/oc-android-library-debug.aar,3
gpslogger/aars/oc-android-library-release.aar,4
gpslogger/libs/commons-httpclient-3.1.jar,3
gpslogger/src/main/res/drawable-hdpi/owncloud.png,2
gpslogger/src/main/java/com/mendhak/gpslogger/common/AppCompatActivityMenuKeyInterceptor.java,4
gpslogger/src/main/java/com/mendhak/gpslogger/loggers/PlainTextFileLogger.java,5
gpslogger/src/main/res/values-es-ES/strings.xml,3
assets/avd.png,1
assets/dropbox_settings.png,1
assets/dropbox_settings_create.png,1
assets/gapi_console.jpg,1
assets/gpslogger_architecture.png,1
assets/icons/accuracy.xcf,1
assets/icons/annotate2.xcf,1
assets/icons/duration.xcf,1
assets/icons/gps_icon01.png,1
assets/icons/gps_icon02.png,1
assets/icons/gps_icon03.png,1
assets/icons/gps_icon04.png,1
assets/icons/gps_icon05.png,1
assets/icons/ic_action_one.xcf,1
assets/icons/share.xcf,1
assets/icons/singlepoint.xcf,1
assets/icons/upload.xcf,1
assets/import_1.png,1
assets/import_2.jpg,1
assets/osm_oauth_settings.png,1
gpslogger/src/main/res/values-es-PE/strings.xml,1
gpslogger/src/main/res/values-fr-CA/strings.xml,1
gpslogger/src/main/res/values-pt-PT/strings.xml,1
gpslogger/src/main/res/values-sv-SE/strings.xml,1
gpslogger/src/main/res/values-zh-CN/strings.xml,1
gpslogger/src/main/res/values-zh-HK/strings.xml,1
gpslogger/src/main/libs/activation.jar,2
gpslogger/src/main/libs/additionnal.jar,2
gpslogger/src/main/libs/dropbox-android-sdk-1.6.3.jar,2
gpslogger/src/main/libs/mail.jar,2
gpslogger/src/main/libs/android-async-http-1.4.1.jar,2
gpslogger/icons/accuracy.xcf,2
gpslogger/icons/annotate2.xcf,2
gpslogger/icons/duration.xcf,2
gpslogger/icons/gps_icon01.png,2
gpslogger/icons/gps_icon02.png,2
gpslogger/icons/gps_icon03.png,2
gpslogger/icons/gps_icon04.png,2
gpslogger/icons/gps_icon05.png,2
gpslogger/icons/ic_action_one.xcf,2
gpslogger/icons/share.xcf,2
gpslogger/icons/singlepoint.xcf,2
gpslogger/icons/upload.xcf,2
gpslogger/src/main/java/com/mendhak/gpslogger/IGpsLoggerServiceClient.java,16
gpslogger/src/main/java/com/mendhak/gpslogger/common/IActionListener.java,4
gpslogger/src/main/java/com/mendhak/gpslogger/loggers/customurl/HttpUrlLogger.java,7
gpslogger/src/main/java/com/mendhak/gpslogger/common/events/AutoEmailEvent.java,2
gpslogger/src/main/java/com/mendhak/gpslogger/common/events/CustomUrlLoggedEvent.java,2
gpslogger/src/main/java/com/mendhak/gpslogger/common/events/DropboxEvent.java,2
gpslogger/src/main/java/com/mendhak/gpslogger/common/events/FtpEvent.java,2
gpslogger/src/main/java/com/mendhak/gpslogger/common/events/GDocsEvent.java,2
gpslogger/src/main/java/com/mendhak/gpslogger/common/events/OpenGTSLoggedEvent.java,2
gpslogger/src/main/java/com/mendhak/gpslogger/common/events/OpenStreetMapEvent.java,2
gpslogger/src/main/res/drawable-mdpi/performance.png,1
15a.png,2
gpslogger/src/main/libs/icons/gps_icon01.png,1
gpslogger/src/main/libs/icons/gps_icon02.png,1
gpslogger/src/main/libs/icons/gps_icon03.png,1
gpslogger/src/main/libs/icons/gps_icon04.png,1
gpslogger/src/main/libs/icons/gps_icon05.png,1
gpslogger/src/main/res/drawable-hdpi/gpsloggericon2.png,2
gpslogger/src/main/res/drawable-mdpi/gpsloggericon2.png,2
gpslogger/src/main/res/drawable-mdpi/notification.png,1
gpslogger/src/main/res/drawable-mdpi/play.png,2
gpslogger/src/main/res/drawable-mdpi/stop.png,2
gpslogger/src/main/res/drawable-xhdpi/gpsloggericon2.png,1
gpslogger/src/main/res/drawable-xhdpi/notification.png,1
gpslogger/src/main/res/drawable-xxhdpi/gpsloggericon2.png,1
gpslogger/src/main/res/drawable-xxhdpi/notification.png,1
gpslogger/src/main/res/drawable-xxxhdpi/gpsloggericon2.png,1
gpslogger/src/main/res/drawable-xxxhdpi/notification.png,1
gpslogger/src/main/res/drawable-hdpi/gpsloggericon3.png,1
gpslogger/src/main/res/drawable-mdpi/gpsloggericon3.png,1
gpslogger/src/main/res/drawable-xhdpi/gpsloggericon3.png,1
gpslogger/src/main/res/drawable-xxhdpi/gpsloggericon3.png,1
gpslogger/src/main/res/drawable-xxxhdpi/gpsloggericon3.png,1
gpslogger/src/main/res/drawable-mdpi/csv.png,2
gpslogger/src/main/res/drawable-mdpi/gpx.png,2
gpslogger/src/main/res/drawable-mdpi/kml.png,2
gpslogger/src/main/res/drawable-mdpi/link.png,2
gpslogger/src/main/res/drawable-mdpi/nmea.png,2
gpslogger/src/main/java/com/mendhak/gpslogger/NavigationDrawerFragment.java,4
gpslogger/src/main/java/com/mendhak/gpslogger/loggers/customurl/CustomUrlLoggerActivity.java,6
gpslogger/src/main/java/com/mendhak/gpslogger/settings/UploadSettingsActivity.java,6
gpslogger/src/main/java/com/mendhak/gpslogger/views/component/ToggleComponent.java,5
gpslogger/src/main/libs/dropbox-android-sdk.jar,2
gpslogger/src/main/res/drawable-hdpi/compassrose.jpg,2
gpslogger/src/main/res/drawable-hdpi/drawer_shadow.9.png,2
gpslogger/src/main/res/drawable-hdpi/ic_drawer.png,2
gpslogger/src/main/res/drawable-mdpi/accuracy.png,2
gpslogger/src/main/res/drawable-mdpi/altitude.png,3
gpslogger/src/main/res/drawable-mdpi/autosend.png,1
gpslogger/src/main/res/drawable-mdpi/compass.png,2
gpslogger/src/main/res/drawable-mdpi/direction.png,1
gpslogger/src/main/res/drawable-mdpi/distance.png,2
gpslogger/src/main/res/drawable-mdpi/drawer_shadow.9.png,2
gpslogger/src/main/res/drawable-mdpi/dropbox.png,1
gpslogger/src/main/res/drawable-mdpi/duration.png,2
gpslogger/src/main/res/drawable-mdpi/email.png,1
gpslogger/src/main/res/drawable-mdpi/exit.png,1
gpslogger/src/main/res/drawable-mdpi/file.png,2
gpslogger/src/main/res/drawable-mdpi/folder.png,2
gpslogger/src/main/res/drawable-mdpi/ftp.png,1
gpslogger/src/main/res/drawable-mdpi/googledrive.png,1
gpslogger/src/main/res/drawable-mdpi/helpfaq.png,1
gpslogger/src/main/res/drawable-mdpi/ic_drawer.png,2
gpslogger/src/main/res/drawable-mdpi/loggingsettings.png,1
gpslogger/src/main/res/drawable-mdpi/opengts.png,1
gpslogger/src/main/res/drawable-mdpi/openstreetmap.png,1
gpslogger/src/main/res/drawable-mdpi/points.png,2
gpslogger/src/main/res/drawable-mdpi/satellite_count.png,2
gpslogger/src/main/res/drawable-mdpi/settings.png,1
gpslogger/src/main/res/drawable-mdpi/speed.png,3
gpslogger/src/main/res/drawable-mdpi/uparrow.png,2
gpslogger/src/main/res/drawable-xhdpi/drawer_shadow.9.png,2
gpslogger/src/main/res/drawable-xhdpi/ic_drawer.png,1
gpslogger/src/main/res/drawable-xxhdpi/drawer_shadow.9.png,1
gpslogger/src/main/res/drawable-xxhdpi/ic_drawer.png,1
gpslogger/src/main/res/drawable/circle_dark.xml,1
gpslogger/src/main/res/drawable/circle_white.xml,1
gpslogger/src/main/res/drawable/progress.xml,1
gpslogger/src/main/res/drawable/rounded_gray.xml,1
gpslogger/src/main/res/drawable/rounded_gray_thin.xml,1
gpslogger/src/main/res/layout/actionbar.xml,2
gpslogger/src/main/res/layout/activity_customurl.xml,2
gpslogger/src/main/res/layout/common_filelist.xml,1
gpslogger/src/main/res/layout/common_list_black_text.xml,1
gpslogger/src/main/res/layout/common_simple_dropdown.xml,1
gpslogger/src/main/res/layout/file_dialog_main.xml,1
gpslogger/src/main/res/layout/file_dialog_row.xml,1
gpslogger/src/main/res/layout/fragment_navigation_drawer.xml,1
gpslogger/src/test/java/com/mendhak/gpslogger/GpsMainActivityTests.java,18
gpslogger/src/main/java/com/mendhak/gpslogger/settings/LoggingSettingsActivity.java,19
gpslogger/src/main/java/com/mendhak/gpslogger/senders/email/AutoEmailActivity.java,7
gpslogger/src/main/java/com/mendhak/gpslogger/senders/ftp/AutoFtpActivity.java,7
gpslogger/src/main/java/com/mendhak/gpslogger/senders/opengts/OpenGTSActivity.java,6
gpslogger/src/main/java/com/mendhak/gpslogger/common/FileDialog/FileDialog.java,6
gpslogger/src/main/java/com/mendhak/gpslogger/common/FileDialog/SelectionMode.java,4
gpslogger/src/main/java/com/mendhak/gpslogger/settings/GeneralSettingsActivity.java,6
gpslogger/src/main/res/drawable-hdpi/gpsvisualizer.png,1
gpslogger/src/main/java/com/mendhak/gpslogger/senders/ftp/Ftp.java,3
gpslogger/src/main/java/com/mendhak/gpslogger/loggers/OpenGTSLogger.java,4
LICENSE.md,1
gpslogger/LICENSE.md,1
gpslogger/src/main/java/com/mendhak/gpslogger/common/GpsRollingFileAppender.java,4
gpslogger/src/main/java/com/mendhak/gpslogger/senders/dropbox/DropBoxAuthorizationActivity.java,4
gpslogger/src/main/java/com/mendhak/gpslogger/senders/gdocs/GDocsSettingsActivity.java,4
gpslogger/src/main/java/com/mendhak/gpslogger/senders/opengts/GpxReader.java,2
gpslogger/src/main/java/com/mendhak/gpslogger/senders/osm/OSMAuthorizationActivity.java,4
gpslogger/src/main/res/drawable-mdpi/singlepoint_disabled.png,2
index2.html,7
gpslogger/src/main/assets/faq.html,5
gpslogger/src/test/java/com/mendhak/gpslogger/loggers/GpxLoggerTests.java,2
gpslogger/src/test/java/GpsMainActivityTests.java,2
gpslogger/src/main/res/values-hdpi/integers.xml,1
gpslogger/src/main/res/values-mdpi/integers.xml,1
gpslogger/src/main/res/values-w820dp/dimens.xml,1
gpslogger/src/main/res/values-xhdpi/integers.xml,1
.gitattributes,3
.idea/.name,2
.idea/ant.xml,5
.idea/codeStyleSettings.xml,4
.idea/compiler.xml,9
.idea/copyright/profiles_settings.xml,2
.idea/dictionaries/mendhak.xml,2
.idea/encodings.xml,4
.idea/inspectionProfiles/Project_Default.xml,4
.idea/inspectionProfiles/profiles_settings.xml,4
.idea/libraries/Maven__com_actionbarsherlock_actionbarsherlock_apklib_4_2_0.xml,5
.idea/libraries/Maven__com_google_android_android_4_0_1_2.xml,2
.idea/libraries/Maven__com_google_android_android_4_1_1_4.xml,2
.idea/libraries/Maven__com_google_android_support_v4_r7.xml,2
.idea/libraries/Maven__com_googlecode_json_simple_json_simple_1_1.xml,2
.idea/libraries/Maven__commons_codec_commons_codec_1_3.xml,2
.idea/libraries/Maven__commons_logging_commons_logging_1_1_1.xml,2
.idea/libraries/Maven__commons_net_commons_net_2_2.xml,2
.idea/libraries/Maven__junit_junit_4_10.xml,2
.idea/libraries/Maven__oauth_signpost_signpost_commonshttp4_1_2_1_1.xml,2
.idea/libraries/Maven__oauth_signpost_signpost_core_1_2_1_1.xml,2
.idea/libraries/Maven__org_apache_httpcomponents_httpclient_4_0_1.xml,2
.idea/libraries/Maven__org_apache_httpcomponents_httpcore_4_0_1.xml,2
.idea/libraries/Maven__org_apache_httpcomponents_httpmime_4_0_3.xml,2
.idea/libraries/Maven__org_apache_james_apache_mime4j_0_6_1.xml,2
.idea/libraries/Maven__org_hamcrest_hamcrest_core_1_1.xml,2
.idea/libraries/Maven__org_json_json_20080701.xml,2
.idea/libraries/Maven__org_khronos_opengl_api_gl1_1_android_2_1_r1.xml,2
.idea/libraries/Maven__xerces_xmlParserAPIs_2_6_2.xml,2
.idea/libraries/Maven__xpp3_xpp3_1_1_4c.xml,2
.idea/libraries/google_play_services.xml,3
.idea/misc.xml,12
.idea/modules.xml,11
.idea/scopes/scope_settings.xml,2
.idea/uiDesigner.xml,2
.idea/vcs.xml,2
GPSLogger/AndroidManifest.xml,92
GPSLogger/GPSLogger.iml,32
GPSLogger/LICENSE,2
GPSLogger/pom.xml,12
GPSLogger/project.properties,13
GPSLogger/res/drawable/gpsloggericon2.png,3
GPSLogger/res/drawable/ic_menu_close_clear_cancel.png,2
GPSLogger/res/drawable/ic_menu_edit.png,2
GPSLogger/res/drawable/ic_menu_edit_active.png,2
GPSLogger/res/drawable/ic_menu_edit_disabled.png,2
GPSLogger/res/drawable/ic_menu_help.png,2
GPSLogger/res/drawable/ic_menu_preferences.png,2
GPSLogger/res/drawable/ic_menu_send.png,2
GPSLogger/res/drawable/ic_menu_share.png,2
GPSLogger/res/drawable/ic_menu_upload.png,2
GPSLogger/res/layout/main.xml,17
GPSLogger/res/menu/optionsmenu.xml,24
GPSLogger/res/values/arrays.xml,22
GPSLogger/res/xml/settings.xml,42
GPSLogger/src/com/mendhak/gpslogger/GpsMainActivity.java,102
GPSLogger/src/com/mendhak/gpslogger/GpsSettingsActivity.java,44
GPSLogger/src/com/mendhak/gpslogger/common/DebugLogger.java,7
docs/eclipse.md,9
docs/intellij.md,4
google-play-services_lib/.classpath,3
google-play-services_lib/AndroidManifest.xml,3
google-play-services_lib/README.txt,3
google-play-services_lib/google-play-services_lib.iml,6
google-play-services_lib/google-play-services_lib1.iml,3
google-play-services_lib/libs/google-play-services.jar,3
google-play-services_lib/libs/google-play-services.jar.properties,3
google-play-services_lib/project.properties,4
google-play-services_lib/res/color/common_signin_btn_text_dark.xml,3
google-play-services_lib/res/color/common_signin_btn_text_light.xml,3
google-play-services_lib/res/drawable-hdpi/common_signin_btn_icon_disabled_dark.9.png,3
google-play-services_lib/res/drawable-hdpi/common_signin_btn_icon_disabled_focus_dark.9.png,3
google-play-services_lib/res/drawable-hdpi/common_signin_btn_icon_disabled_focus_light.9.png,3
google-play-services_lib/res/drawable-hdpi/common_signin_btn_icon_disabled_light.9.png,3
google-play-services_lib/res/drawable-hdpi/common_signin_btn_icon_focus_dark.9.png,3
google-play-services_lib/res/drawable-hdpi/common_signin_btn_icon_focus_light.9.png,3
google-play-services_lib/res/drawable-hdpi/common_signin_btn_icon_normal_dark.9.png,3
google-play-services_lib/res/drawable-hdpi/common_signin_btn_icon_normal_light.9.png,3
google-play-services_lib/res/drawable-hdpi/common_signin_btn_icon_pressed_dark.9.png,3
google-play-services_lib/res/drawable-hdpi/common_signin_btn_icon_pressed_light.9.png,3
google-play-services_lib/res/drawable-hdpi/common_signin_btn_text_disabled_dark.9.png,3
google-play-services_lib/res/drawable-hdpi/common_signin_btn_text_disabled_focus_dark.9.png,3
google-play-services_lib/res/drawable-hdpi/common_signin_btn_text_disabled_focus_light.9.png,3
google-play-services_lib/res/drawable-hdpi/common_signin_btn_text_disabled_light.9.png,3
google-play-services_lib/res/drawable-hdpi/common_signin_btn_text_focus_dark.9.png,3
google-play-services_lib/res/drawable-hdpi/common_signin_btn_text_focus_light.9.png,3
google-play-services_lib/res/drawable-hdpi/common_signin_btn_text_normal_dark.9.png,3
google-play-services_lib/res/drawable-hdpi/common_signin_btn_text_normal_light.9.png,3
google-play-services_lib/res/drawable-hdpi/common_signin_btn_text_pressed_dark.9.png,3
google-play-services_lib/res/drawable-hdpi/common_signin_btn_text_pressed_light.9.png,3
google-play-services_lib/res/drawable-mdpi/common_signin_btn_icon_disabled_dark.9.png,3
google-play-services_lib/res/drawable-mdpi/common_signin_btn_icon_disabled_focus_dark.9.png,3
google-play-services_lib/res/drawable-mdpi/common_signin_btn_icon_disabled_focus_light.9.png,3
google-play-services_lib/res/drawable-mdpi/common_signin_btn_icon_disabled_light.9.png,3
google-play-services_lib/res/drawable-mdpi/common_signin_btn_icon_focus_dark.9.png,3
google-play-services_lib/res/drawable-mdpi/common_signin_btn_icon_focus_light.9.png,3
google-play-services_lib/res/drawable-mdpi/common_signin_btn_icon_normal_dark.9.png,3
google-play-services_lib/res/drawable-mdpi/common_signin_btn_icon_normal_light.9.png,3
google-play-services_lib/res/drawable-mdpi/common_signin_btn_icon_pressed_dark.9.png,3
google-play-services_lib/res/drawable-mdpi/common_signin_btn_icon_pressed_light.9.png,3
google-play-services_lib/res/drawable-mdpi/common_signin_btn_text_disabled_dark.9.png,3
google-play-services_lib/res/drawable-mdpi/common_signin_btn_text_disabled_focus_dark.9.png,3
google-play-services_lib/res/drawable-mdpi/common_signin_btn_text_disabled_focus_light.9.png,3
google-play-services_lib/res/drawable-mdpi/common_signin_btn_text_disabled_light.9.png,3
google-play-services_lib/res/drawable-mdpi/common_signin_btn_text_focus_dark.9.png,3
google-play-services_lib/res/drawable-mdpi/common_signin_btn_text_focus_light.9.png,3
google-play-services_lib/res/drawable-mdpi/common_signin_btn_text_normal_dark.9.png,3
google-play-services_lib/res/drawable-mdpi/common_signin_btn_text_normal_light.9.png,3
google-play-services_lib/res/drawable-mdpi/common_signin_btn_text_pressed_dark.9.png,3
google-play-services_lib/res/drawable-mdpi/common_signin_btn_text_pressed_light.9.png,3
google-play-services_lib/res/drawable-xhdpi/common_signin_btn_icon_disabled_dark.9.png,3
google-play-services_lib/res/drawable-xhdpi/common_signin_btn_icon_disabled_focus_dark.9.png,3
google-play-services_lib/res/drawable-xhdpi/common_signin_btn_icon_disabled_focus_light.9.png,3
google-play-services_lib/res/drawable-xhdpi/common_signin_btn_icon_disabled_light.9.png,3
google-play-services_lib/res/drawable-xhdpi/common_signin_btn_icon_focus_dark.9.png,3
google-play-services_lib/res/drawable-xhdpi/common_signin_btn_icon_focus_light.9.png,3
google-play-services_lib/res/drawable-xhdpi/common_signin_btn_icon_normal_dark.9.png,3
google-play-services_lib/res/drawable-xhdpi/common_signin_btn_icon_normal_light.9.png,3
google-play-services_lib/res/drawable-xhdpi/common_signin_btn_icon_pressed_dark.9.png,3
google-play-services_lib/res/drawable-xhdpi/common_signin_btn_icon_pressed_light.9.png,3
google-play-services_lib/res/drawable-xhdpi/common_signin_btn_text_disabled_dark.9.png,3
google-play-services_lib/res/drawable-xhdpi/common_signin_btn_text_disabled_focus_dark.9.png,3
google-play-services_lib/res/drawable-xhdpi/common_signin_btn_text_disabled_focus_light.9.png,3
google-play-services_lib/res/drawable-xhdpi/common_signin_btn_text_disabled_light.9.png,3
google-play-services_lib/res/drawable-xhdpi/common_signin_btn_text_focus_dark.9.png,3
google-play-services_lib/res/drawable-xhdpi/common_signin_btn_text_focus_light.9.png,3
google-play-services_lib/res/drawable-xhdpi/common_signin_btn_text_normal_dark.9.png,3
google-play-services_lib/res/drawable-xhdpi/common_signin_btn_text_normal_light.9.png,3
google-play-services_lib/res/drawable-xhdpi/common_signin_btn_text_pressed_dark.9.png,3
google-play-services_lib/res/drawable-xhdpi/common_signin_btn_text_pressed_light.9.png,3
google-play-services_lib/res/drawable/common_signin_btn_icon_dark.xml,3
google-play-services_lib/res/drawable/common_signin_btn_icon_light.xml,3
google-play-services_lib/res/drawable/common_signin_btn_text_dark.xml,3
google-play-services_lib/res/drawable/common_signin_btn_text_light.xml,3
google-play-services_lib/res/values-af/strings.xml,3
google-play-services_lib/res/values-am/strings.xml,3
google-play-services_lib/res/values-ar/strings.xml,3
google-play-services_lib/res/values-be/strings.xml,3
google-play-services_lib/res/values-bg/strings.xml,3
google-play-services_lib/res/values-ca/strings.xml,3
google-play-services_lib/res/values-cs/strings.xml,3
google-play-services_lib/res/values-da/strings.xml,3
google-play-services_lib/res/values-de/strings.xml,3
google-play-services_lib/res/values-el/strings.xml,3
google-play-services_lib/res/values-en-rGB/strings.xml,3
google-play-services_lib/res/values-es-rUS/strings.xml,3
google-play-services_lib/res/values-es/strings.xml,3
google-play-services_lib/res/values-et/strings.xml,3
google-play-services_lib/res/values-fa/strings.xml,3
google-play-services_lib/res/values-fi/strings.xml,3
google-play-services_lib/res/values-fr/strings.xml,3
google-play-services_lib/res/values-hi/strings.xml,3
google-play-services_lib/res/values-hr/strings.xml,3
google-play-services_lib/res/values-hu/strings.xml,3
google-play-services_lib/res/values-in/strings.xml,3
google-play-services_lib/res/values-it/strings.xml,3
google-play-services_lib/res/values-iw/strings.xml,3
google-play-services_lib/res/values-ja/strings.xml,3
google-play-services_lib/res/values-ko/strings.xml,3
google-play-services_lib/res/values-lt/strings.xml,3
google-play-services_lib/res/values-lv/strings.xml,3
google-play-services_lib/res/values-ms/strings.xml,3
google-play-services_lib/res/values-nb/strings.xml,3
google-play-services_lib/res/values-nl/strings.xml,3
google-play-services_lib/res/values-pl/strings.xml,3
google-play-services_lib/res/values-pt-rBR/strings.xml,3
google-play-services_lib/res/values-pt-rPT/strings.xml,3
google-play-services_lib/res/values-pt/strings.xml,3
google-play-services_lib/res/values-ro/strings.xml,3
google-play-services_lib/res/values-ru/strings.xml,3
google-play-services_lib/res/values-sk/strings.xml,3
google-play-services_lib/res/values-sl/strings.xml,3
google-play-services_lib/res/values-sr/strings.xml,3
google-play-services_lib/res/values-sv/strings.xml,3
google-play-services_lib/res/values-sw/strings.xml,3
google-play-services_lib/res/values-th/strings.xml,3
google-play-services_lib/res/values-tl/strings.xml,3
google-play-services_lib/res/values-tr/strings.xml,3
google-play-services_lib/res/values-uk/strings.xml,3
google-play-services_lib/res/values-vi/strings.xml,3
google-play-services_lib/res/values-zh-rCN/strings.xml,3
google-play-services_lib/res/values-zh-rTW/strings.xml,3
google-play-services_lib/res/values-zu/strings.xml,3
google-play-services_lib/res/values/colors.xml,3
google-play-services_lib/res/values/maps_attrs.xml,3
google-play-services_lib/res/values/strings.xml,3
google-play-services_lib/src/android/UnusedStub.java,3
gpslogger-parent.iml,3
gpslogger/src/main/libs/icons/accuracy.xcf,1
gpslogger/src/main/libs/icons/annotate2.xcf,1
gpslogger/src/main/libs/icons/duration.xcf,1
gpslogger/src/main/libs/icons/ic_action_one.xcf,1
gpslogger/src/main/libs/icons/share.xcf,1
gpslogger/src/main/libs/icons/singlepoint.xcf,1
gpslogger/src/main/libs/icons/upload.xcf,1
gpslogger/src/main/res/drawable-hdpi/annotate2.png,1
gpslogger/src/main/res/drawable-hdpi/annotate2_active.png,1
gpslogger/src/main/res/drawable-hdpi/annotate2_disabled.png,1
gpslogger/src/main/res/drawable-hdpi/share.png,1
gpslogger/src/main/res/drawable-hdpi/singlepoint.png,1
gpslogger/src/main/res/drawable-hdpi/upload.png,1
gpslogger/src/main/res/drawable-mdpi/annotate2.png,1
gpslogger/src/main/res/drawable-mdpi/annotate2_active.png,1
gpslogger/src/main/res/drawable-mdpi/annotate2_disabled.png,1
gpslogger/src/main/res/drawable-mdpi/help.png,1
gpslogger/src/main/res/drawable-mdpi/share.png,1
gpslogger/src/main/res/drawable-mdpi/singlepoint.png,1
gpslogger/src/main/res/drawable-mdpi/upload.png,1
gpslogger/src/main/res/drawable-xhdpi/annotate2.png,1
gpslogger/src/main/res/drawable-xhdpi/annotate2_active.png,1
gpslogger/src/main/res/drawable-xhdpi/annotate2_disabled.png,1
GPSLogger/src/com/mendhak/gpslogger/senders/gdocs/GDocsHelper.java,21
GPSLogger/src/com/mendhak/gpslogger/senders/gdocs/GDocsSettingsActivity.java,15
GPSLogger/res/values-de/strings.xml,15
GPSLogger/res/values/strings.xml,78
GPSLogger/src/com/mendhak/gpslogger/common/Session.java,18
GPSLogger/src/com/mendhak/gpslogger/common/Utilities.java,49
GPSLogger/src/com/mendhak/gpslogger/loggers/customurl/HttpUrlLogger.java,8
GPSLogger/res/values-it/strings.xml,17
GPSLogger/src/com/mendhak/gpslogger/senders/FileSenderFactory.java,12
GPSLogger/res/values-ro/strings.xml,3
GPSLogger/res/values-uk/strings.xml,5
GPSLogger/src/com/mendhak/gpslogger/common/AppSettings.java,29
GPSLogger/src/com/mendhak/gpslogger/loggers/FileLoggerFactory.java,21
GPSLogger/src/com/mendhak/gpslogger/loggers/customurl/CustomUrlLoggerActivity.java,5
GPSLogger/src/com/mendhak/gpslogger/GpsLoggingService.java,72
GPSLogger/res/xml/autoftpsettings.xml,4
GPSLogger/src/com/mendhak/gpslogger/senders/ftp/AutoFtpActivity.java,5
GPSLogger/src/com/mendhak/gpslogger/senders/ftp/Ftp.java,4
GPSLogger/src/com/mendhak/gpslogger/senders/ftp/FtpHelper.java,10
GPSLogger/src/com/mendhak/gpslogger/senders/dropbox/DropBoxHelper.java,11
GPSLogger/src/com/mendhak/gpslogger/senders/osm/OSMHelper.java,13
GPSLogger/res/drawable/file.png,1
GPSLogger/res/drawable/folder.png,1
GPSLogger/res/layout/file_dialog_main.xml,1
GPSLogger/res/layout/file_dialog_row.xml,1
GPSLogger/src/com/mendhak/gpslogger/common/FileDialog/FileDialog.java,1
GPSLogger/src/com/mendhak/gpslogger/common/FileDialog/SelectionMode.java,1
GPSLogger/res/values-af/strings.xml,2
GPSLogger/res/values-ar/strings.xml,3
GPSLogger/res/values-ca/strings.xml,3
GPSLogger/res/values-cs/strings.xml,9
GPSLogger/res/values-da/strings.xml,6
GPSLogger/res/values-es-rMX/strings.xml,7
GPSLogger/res/values-es/strings.xml,9
GPSLogger/res/values-fa/strings.xml,2
GPSLogger/res/values-fi/strings.xml,2
GPSLogger/res/values-fr/strings.xml,15
GPSLogger/res/values-hu/strings.xml,5
GPSLogger/res/values-ja/strings.xml,9
GPSLogger/res/values-ko/strings.xml,2
GPSLogger/res/values-lt/strings.xml,5
GPSLogger/res/values-ms/strings.xml,3
GPSLogger/res/values-nl/strings.xml,11
GPSLogger/res/values-no/strings.xml,6
GPSLogger/res/values-pl/strings.xml,14
GPSLogger/res/values-pt-rBR/strings.xml,2
GPSLogger/res/values-pt/strings.xml,4
GPSLogger/res/values-ru/strings.xml,14
GPSLogger/res/values-sk/strings.xml,3
GPSLogger/res/values-sl/strings.xml,4
GPSLogger/res/values-sv/strings.xml,11
GPSLogger/res/values-th/strings.xml,2
GPSLogger/res/values-tl/strings.xml,8
GPSLogger/res/values-zh/strings.xml,13
GPSLogger/res/menu-v14/optionsmenu.xml,2
GPSLogger/res/values-zh-rTW/strings.xml,12
GPSLogger/res/layout/customurl.xml,2
GPSLogger/src/com/mendhak/gpslogger/common/RejectionHandler.java,4
GPSLogger/src/com/mendhak/gpslogger/loggers/HttpUrlLogger.java,3
GPSLogger/src/com/mendhak/gpslogger/loggers/Gpx10FileLogger.java,27
.idea/libraries/Maven__system_local_activation_1_0.xml,2
.idea/libraries/Maven__system_local_additionnal_1_0.xml,2
.idea/libraries/Maven__system_local_android_async_http_1_4_1.xml,2
.idea/libraries/Maven__system_local_dropbox_android_sdk_1_0.xml,2
.idea/libraries/Maven__system_local_mail_1_0.xml,2
GPSLogger/src/com/mendhak/gpslogger/IGpsLoggerServiceClient.java,6
GPSLogger/libs/google-play-services.jar,2
GPSLogger/src/com/mendhak/gpslogger/senders/osm/OSMAuthorizationActivity.java,8
GPSLogger/assets/faq.html,5
GPSLogger/src/com/mendhak/gpslogger/Faqtivity.java,3
GPSLogger/res/layout/faq.xml,1
GPSLogger/src/com/mendhak/gpslogger/senders/dropbox/DropBoxAuthorizationActivity.java,12
GPSLogger/src/com/mendhak/gpslogger/senders/email/AutoEmailActivity.java,11
GPSLogger/src/com/mendhak/gpslogger/senders/opengts/OpenGTSActivity.java,6
GPSLogger/src/com/mendhak/gpslogger/loggers/Kml22FileLogger.java,13
GPSLogger/src/com/mendhak/gpslogger/loggers/OpenGTSLogger.java,5
GPSLogger/src/com/mendhak/gpslogger/loggers/PlainTextFileLogger.java,9
pom.xml,4
GPSLogger/src/com/mendhak/gpslogger/senders/opengts/GpxReader.java,6
GPSLogger/src/com/mendhak/gpslogger/common/OpenGTSClient.java,5
GPSLogger/src/com/mendhak/gpslogger/GpsLoggerApplication.java,7
GPSLogger/res/drawable/gpsstatus5.png,2
GPSLogger/res/drawable/gpsstatus5black.png,2
GPSLogger/res/layout/filelist.xml,2
GPSLogger/res/xml/osmsettings.xml,2
GPSLogger/src/com/mendhak/gpslogger/senders/AlarmReceiver.java,4
GPSLogger/src/com/mendhak/gpslogger/GeneralLocationListener.java,5
GPSLogger/src/com/mendhak/gpslogger/StartupReceiver.java,3
GPSLogger/src/com/mendhak/gpslogger/common/IActionListener.java,3
GPSLogger/src/com/mendhak/gpslogger/common/IMessageBoxCallback.java,3
GPSLogger/src/com/mendhak/gpslogger/loggers/IFileLogger.java,6
GPSLogger/src/com/mendhak/gpslogger/senders/IFileSender.java,5
GPSLogger/src/com/mendhak/gpslogger/senders/ZipHelper.java,5
GPSLogger/src/com/mendhak/gpslogger/senders/email/AutoEmailHelper.java,17
GPSLogger/src/com/mendhak/gpslogger/senders/email/Mail.java,5
GPSLogger/src/com/mendhak/gpslogger/senders/opengts/OpenGTSHelper.java,4
GPSLogger/src/com/mendhak/gpslogger/shortcuts/ShortcutCreate.java,3
GPSLogger/src/com/mendhak/gpslogger/shortcuts/ShortcutStart.java,2
GPSLogger/src/com/mendhak/gpslogger/shortcuts/ShortcutStop.java,2
.idea/libraries/Maven__system_local_android_async_1_4_1.xml,2
GPSLogger/libs/android-async-http-1.4.1.jar,2
GPSLogger/res/xml/opengtssettings.xml,2
GPSLogger/res/xml/autoemailsettings.xml,9
.idea/libraries/Maven__com_google_android_android_test_2_3_3.xml,2
.idea/libraries/Maven__com_jayway_android_robotium_robotium_solo_3_1.xml,2
.idea/libraries/Maven__junit_junit_4_8_1.xml,2
tests/AndroidManifest.xml,2
tests/ant.properties,2
tests/build.xml,4
tests/libs/ant-contrib-1.0b3.jar,2
tests/libs/robotium-solo-3.1-javadoc.jar,2
tests/libs/robotium-solo-3.1.jar,2
tests/pom.xml,4
tests/proguard.cfg,2
tests/project.properties,5
tests/src/com/mendhak/gpslogger/Common.java,2
tests/src/com/mendhak/gpslogger/GpsMainActivityAnnotation.java,3
tests/src/com/mendhak/gpslogger/GpsMainActivityBasicLogging.java,3
tests/src/com/mendhak/gpslogger/GpsMainActivityTest.java,3
tests/src/com/mendhak/gpslogger/GpsMainContinuity.java,3
tests/src/com/mendhak/gpslogger/README.txt,3
tests/testNames.txt,2
tests/tests.iml,12
GPSLogger/src/net/jvw/gpslogger/loggers/PlainTextFileLogger.java,2
GPSLogger/res/layout/dropboxauth.xml,4
GPSLogger/res/layout/osmauth.xml,3
.idea/libraries/Maven__com_google_api_client_google_api_client_1_4_1_beta.xml,2
.idea/libraries/Maven__com_google_api_client_google_api_client_googleapis_1_4_1_beta.xml,2
.idea/libraries/Maven__com_google_guava_guava_r09.xml,2
.idea/libraries/Maven__org_codehaus_jackson_jackson_core_asl_1_6_7.xml,2
GPSLogger/src/com/mendhak/gpslogger/senders/gdocs/GDocsAuthorizationActivity.java,2
GPSLogger/res/xml/dropboxsettings.xml,1
GPSLogger/src/com/mendhak/gpslogger/senders/osm/OSMSettingsActivity.java,3
GPSLogger/res/xml/gdocssettings.xml,2
.idea/libraries/Maven__com_google_android_android_2_3_3.xml,1
.idea/libraries/libs.xml,2
GPSLogger/libs/apache-mime4j-0.6.1.jar,2
GPSLogger/libs/httpmime-4.0.3.jar,2
GPSLogger/libs/json_simple-1.1.jar,2
GPSLogger/libs/signpost-commonshttp4-1.2.1.1.jar,2
GPSLogger/libs/signpost-core-1.2.1.1.jar,2
GPSLogger/.classpath,6
GPSLogger/.project,2
GPSLogger/default.properties,6
GPSLogger/libs/activation.jar,1
GPSLogger/libs/additionnal.jar,1
GPSLogger/libs/dropbox-android-sdk.jar,1
GPSLogger/libs/mail.jar,1
GPSLogger/src/com/mendhak/gpslogger/loggers/Kml10FileLogger.java,12
GPSLogger/lib/httpmime-4.0.1.jar,2
GPSLogger/src/com/mendhak/gpslogger/senders/IAutoSendHelper.java,2
GPSLogger/lib/dropbox-android-sdk.jar,1
GPSLogger/lib/httpmime-4.0.3.jar,1
GPSLogger/lib/json_simple-1.1.jar,1
GPSLogger/src/com/mendhak/gpslogger/loggers/GpxPoint.java,3
GPSLogger/src/com/mendhak/gpslogger/loggers/IGpsLoggerSaxHandler.java,2
GPSLogger/src/com/mendhak/gpslogger/loggers/FileLoggingHelper.java,2
GPSLogger/src/com/mendhak/gpslogger/loggers/IFileLoggingHelperCallback.java,2
GPSLogger/src/com/mendhak/gpslogger/AutoEmailActivity.java,8
GPSLogger/src/com/mendhak/gpslogger/OSMAuthorizationActivity.java,3
GPSLogger/src/com/mendhak/gpslogger/OSMSettingsActivity.java,4
GPSLogger/src/com/mendhak/gpslogger/Utilities.java,30
GPSLogger/src/com/mendhak/gpslogger/helpers/AlarmReceiver.java,5
GPSLogger/src/com/mendhak/gpslogger/helpers/AutoEmailHelper.java,12
GPSLogger/src/com/mendhak/gpslogger/helpers/FileLoggingHelper.java,8
GPSLogger/src/com/mendhak/gpslogger/helpers/GeneralLocationListener.java,10
GPSLogger/src/com/mendhak/gpslogger/helpers/Mail.java,3
GPSLogger/src/com/mendhak/gpslogger/helpers/OSMHelper.java,6
GPSLogger/src/com/mendhak/gpslogger/helpers/StartupReceiver.java,3
GPSLogger/src/com/mendhak/gpslogger/helpers/ZipHelper.java,2
GPSLogger/src/com/mendhak/gpslogger/interfaces/IAutoSendHelper.java,2
GPSLogger/src/com/mendhak/gpslogger/interfaces/IFileLoggingHelperCallback.java,2
GPSLogger/src/com/mendhak/gpslogger/interfaces/IGpsLoggerSaxHandler.java,3
GPSLogger/src/com/mendhak/gpslogger/interfaces/IGpsLoggerServiceClient.java,7
GPSLogger/src/com/mendhak/gpslogger/interfaces/IMessageBoxCallback.java,2
GPSLogger/src/com/mendhak/gpslogger/model/AppSettings.java,10
GPSLogger/src/com/mendhak/gpslogger/model/GpxPoint.java,4
GPSLogger/src/com/mendhak/gpslogger/model/Session.java,4
GPSLogger/src/com/mendhak/gpslogger/helpers/GpxSaxHandler.java,2
GPSLogger/src/com/mendhak/gpslogger/helpers/KmlSaxHandler.java,2
GPSLogger/src/com/mendhak/gpslogger/helpers/SimpleCrypto.java,2
GPSLogger/src/com/mendhak/gpslogger/helpers/Base64.java,5
images/gpsloggericon1.png,2
images/gpsloggericon2.png,2
README.rd,1
temporary.html,1
BuildProcessTemplates/DefaultTemplate.xaml,2
BuildProcessTemplates/UpgradeTemplate.xaml,2
GPSLogger/.settings/org.eclipse.jdt.core.prefs,2
GPSLogger/gen/com/mendhak/gpslogger/R.java,9
GPSLogger/res/layout/seemymapsetup.xml,5
GPSLogger/src/com/mendhak/gpslogger/SeeMyMapSetupActivity.java,11
GPSLogger/src/com/mendhak/gpslogger/helpers/SeeMyMapHelper.java,8
GPSLogger/src/com/mendhak/gpslogger/helpers/SeeMyMapSetupHelper.java,5
GPSLogger/src/com/mendhak/gpslogger/providers/GpxSaxHandler.java,2
GPSLogger/lib/apache-mime4j-0.6.1.jar,1
GPSLogger/lib/signpost-commonshttp4-1.2.1.1.jar,1
GPSLogger/lib/signpost-core-1.2.1.1.jar,1
GPSLogger/src/com/mendhak/gpslogger/OAuthReceiver.java,2
GPSLogger/src/com/mendhak/gpslogger/helpers/AutoEmailSetupHelper.java,3
GPSLogger/lib/activation.jar,1
GPSLogger/lib/additionnal.jar,1
GPSLogger/lib/mail.jar,1
GPSLogger/SwitchProLite.xml,3
GPSLogger/res/layout/gpsservice.xml,2
GPSLogger/AndroidManifest.out.xml,2
GPSLogger/src/com/mendhak/gpslogger/TestPreference.java,2
GPSLogger/bin/GPSLogger.apk,11
GPSLogger/bin/classes.dex,11
GPSLogger/bin/com/mendhak/gpslogger/GpsLoggingService.class,2
GPSLogger/bin/com/mendhak/gpslogger/GpsMainActivity$GeneralLocationListener.class,7
GPSLogger/bin/com/mendhak/gpslogger/GpsMainActivity.class,11
GPSLogger/bin/com/mendhak/gpslogger/GpsSettingsActivity.class,6
GPSLogger/bin/com/mendhak/gpslogger/R$attr.class,3
GPSLogger/bin/com/mendhak/gpslogger/R$drawable.class,5
GPSLogger/bin/com/mendhak/gpslogger/R$id.class,8
GPSLogger/bin/com/mendhak/gpslogger/R$layout.class,8
GPSLogger/bin/com/mendhak/gpslogger/R$menu.class,8
GPSLogger/bin/com/mendhak/gpslogger/R$string.class,8
GPSLogger/bin/com/mendhak/gpslogger/R$xml.class,8
GPSLogger/bin/com/mendhak/gpslogger/R.class,3
GPSLogger/bin/resources.ap_,11
GPSLogger/res/drawable/gpsloggericon1.png,2
GPSLogger/res/drawable/gpsstatus.png,2
GPSLogger/res/drawable/icon.png,2
